region,energy_savings_percent,efficiency_rating
Centre,19.19240736,77.73866061
Centre,15.20856873,67.40164743
Centre,17.89938412,75.02189135
Centre,13.02852202,62.27984914
Centre,4.942156289,88.82086605
